{
  "cogtiff" : {
    "transaction" : "cogtiff",
    "sampleCount" : 1000,
    "errorCount" : 0,
    "errorPct" : 0.0,
    "meanResTime" : 518.877,
    "medianResTime" : 485.0,
    "minResTime" : 177.0,
    "maxResTime" : 1420.0,
    "pct1ResTime" : 814.6999999999999,
    "pct2ResTime" : 923.7999999999997,
    "pct3ResTime" : 1185.99,
    "throughput" : 1.9238464616615878,
    "receivedKBytesPerSec" : 2115.403102346708,
    "sentKBytesPerSec" : 0.0
  },
  "Total" : {
    "transaction" : "Total",
    "sampleCount" : 1000,
    "errorCount" : 0,
    "errorPct" : 0.0,
    "meanResTime" : 518.877,
    "medianResTime" : 485.0,
    "minResTime" : 177.0,
    "maxResTime" : 1420.0,
    "pct1ResTime" : 814.6999999999999,
    "pct2ResTime" : 923.7999999999997,
    "pct3ResTime" : 1185.99,
    "throughput" : 1.9238464616615878,
    "receivedKBytesPerSec" : 2115.403102346708,
    "sentKBytesPerSec" : 0.0
  }
}