{
  "cogtiff" : {
    "transaction" : "cogtiff",
    "sampleCount" : 4800,
    "errorCount" : 0,
    "errorPct" : 0.0,
    "meanResTime" : 113.68437500000002,
    "medianResTime" : 117.0,
    "minResTime" : 65.0,
    "maxResTime" : 363.0,
    "pct1ResTime" : 137.0,
    "pct2ResTime" : 141.0,
    "pct3ResTime" : 157.0,
    "throughput" : 18.77082388274492,
    "receivedKBytesPerSec" : 20235.37685529919,
    "sentKBytesPerSec" : 0.0
  },
  "Total" : {
    "transaction" : "Total",
    "sampleCount" : 4800,
    "errorCount" : 0,
    "errorPct" : 0.0,
    "meanResTime" : 113.68437500000002,
    "medianResTime" : 117.0,
    "minResTime" : 65.0,
    "maxResTime" : 363.0,
    "pct1ResTime" : 137.0,
    "pct2ResTime" : 141.0,
    "pct3ResTime" : 157.0,
    "throughput" : 18.77082388274492,
    "receivedKBytesPerSec" : 20235.37685529919,
    "sentKBytesPerSec" : 0.0
  }
}