{
  "cogtiff" : {
    "transaction" : "cogtiff",
    "sampleCount" : 4800,
    "errorCount" : 0,
    "errorPct" : 0.0,
    "meanResTime" : 101.12604166666662,
    "medianResTime" : 95.0,
    "minResTime" : 45.0,
    "maxResTime" : 434.0,
    "pct1ResTime" : 137.90000000000055,
    "pct2ResTime" : 156.0,
    "pct3ResTime" : 230.0,
    "throughput" : 21.67219006510687,
    "receivedKBytesPerSec" : 23366.015366619806,
    "sentKBytesPerSec" : 0.0
  },
  "Total" : {
    "transaction" : "Total",
    "sampleCount" : 4800,
    "errorCount" : 0,
    "errorPct" : 0.0,
    "meanResTime" : 101.12604166666662,
    "medianResTime" : 95.0,
    "minResTime" : 45.0,
    "maxResTime" : 434.0,
    "pct1ResTime" : 137.90000000000055,
    "pct2ResTime" : 156.0,
    "pct3ResTime" : 230.0,
    "throughput" : 21.67219006510687,
    "receivedKBytesPerSec" : 23366.015366619806,
    "sentKBytesPerSec" : 0.0
  }
}