{
  "cogtiff" : {
    "transaction" : "cogtiff",
    "sampleCount" : 1000,
    "errorCount" : 0,
    "errorPct" : 0.0,
    "meanResTime" : 277.6329999999995,
    "medianResTime" : 269.0,
    "minResTime" : 157.0,
    "maxResTime" : 689.0,
    "pct1ResTime" : 366.0,
    "pct2ResTime" : 379.0,
    "pct3ResTime" : 509.9200000000001,
    "throughput" : 3.5917992040572964,
    "receivedKBytesPerSec" : 3948.8720291330837,
    "sentKBytesPerSec" : 0.0
  },
  "Total" : {
    "transaction" : "Total",
    "sampleCount" : 1000,
    "errorCount" : 0,
    "errorPct" : 0.0,
    "meanResTime" : 277.6329999999995,
    "medianResTime" : 269.0,
    "minResTime" : 157.0,
    "maxResTime" : 689.0,
    "pct1ResTime" : 366.0,
    "pct2ResTime" : 379.0,
    "pct3ResTime" : 509.9200000000001,
    "throughput" : 3.5917992040572964,
    "receivedKBytesPerSec" : 3948.8720291330837,
    "sentKBytesPerSec" : 0.0
  }
}